{"train_loss": [7.727281424958827, 3.9289632853815113, 1.675590656571469, 1.1253999966686055, 0.8649103095975973], "val_cer": [0.9926301243666513, 0.5287885766927684, 0.5642561031782589, 0.72639336711193, 0.5748502994011976], "val_wer": [0.9973890339425587, 0.6579634464751958, 0.6266318537859008, 0.7754569190600522, 0.6449086161879896]}