{"train_loss": [6.331815202357405, 4.704279152013488, 4.175629591537734, 3.804354679786553, 3.4686257152234092], "val_cer": [0.7567941040994933, 0.7489636112390603, 0.8070013818516812, 1.0382312298479963, 0.8576692768309535], "val_wer": [0.9947780678851175, 0.9973890339425587, 1.133159268929504, 1.3054830287206267, 1.0443864229765014]}