{"train_loss": [7.776650291378215, 5.485139891252679, 1.9971147886777327, 1.5812980176533682, 1.0560827732591305, 1.0703679654052702, 0.8281577900683476, 0.9346076694585509, 0.7846789416872849, 0.7661094282895832, 0.7219384821542238, 0.5938044501689531, 0.681396188435413, 0.5782362968992378, 0.5934200708643865], "val_cer": [0.9976969138645785, 1.0161216029479503, 0.12068171349608475, 0.06955320128972824, 0.053431598341777985, 0.05020727775218793, 0.04099493321050207, 0.058037770612620915, 0.045601105481345, 0.04514048825426071, 0.09626900046061723, 0.05711653615845232, 0.045601105481345, 0.0852141870105942, 0.05619530170428374], "val_wer": [1.0, 0.9216710182767625, 0.2584856396866841, 0.15926892950391644, 0.1566579634464752, 0.12532637075718014, 0.1227154046997389, 0.15404699738903394, 0.1409921671018277, 0.13577023498694518, 0.22193211488250653, 0.1566579634464752, 0.13838120104438642, 0.19321148825065274, 0.15404699738903394]}