{"train_loss": [6.539419360080008, 4.994089377128471, 4.474697302963774, 4.092142650636576, 3.2661138772964478], "val_cer": [0.7881160755412252, 0.7494242284661446, 0.7618608935974206, 0.8111469368954399, 0.7438968217411331], "val_wer": [0.9530026109660574, 1.0626631853785902, 0.95822454308094, 1.0574412532637076, 0.9295039164490861]}