{"train_loss": [6.576573274903378, 4.976546909849523, 4.52805945024652, 4.170542914988631, 3.3935719445600347], "val_cer": [0.7918010133578995, 0.7922616305849839, 0.9106402579456472, 0.7816674343620451, 0.7650852141870106], "val_wer": [0.95822454308094, 1.2010443864229765, 1.2297650130548303, 1.04177545691906, 0.9817232375979112]}